{"Episode": 80, "Episode reward": -0.001, "_timestamp": 1693291502.8923693, "_runtime": 189.7050642967224, "_step": 80, "_wandb": {"runtime": 191}}