{"timesteps": 15, "ep_reward": -27.466983439203386, "num_updates": 0, "episodes": 500, "_timestamp": 1688943859.0234463, "_runtime": 215.52054238319397, "_step": 500, "_wandb": {"runtime": 214}}