{"episode": 311, "epsilon": 0.1, "ep_reward": 10.0, "timesteps": 10, "ep_reward_avg": 10.823717948717949, "_timestamp": 1690306916.6842003, "_runtime": 3.8344852924346924, "_step": 311}