{"episode": 9, "epsilon": 0.9569377990430622, "ep_reward": 23.0, "_timestamp": 1690705029.9364696, "_runtime": 1.6336896419525146, "_step": 9, "_wandb": {"runtime": 26}}