{"episode": 201, "epsilon": 0.49875311720698257, "ep_reward": -185.90221892561976, "_timestamp": 1690700032.6067295, "_runtime": 2571.4812495708466, "_step": 201, "loss": 2.6403772830963135, "q_mean": 0.061587728559970856, "num_update": 16152, "_wandb": {"runtime": 2577}}