{"episode": 499, "epsilon": 0.09107468123861566, "ep_reward": 200.0, "_timestamp": 1690707883.0884306, "_runtime": 304.5212707519531, "_step": 499, "_wandb": {"runtime": 303}}