{"episode": 9, "epsilon": 0.847457627118644, "ep_reward": 38.0, "_timestamp": 1690651320.9077196, "_runtime": 1.5316267013549805, "_step": 9}