{"episode": 9, "epsilon": 0.9569377990430622, "ep_reward": 38.0, "_timestamp": 1690702650.5445657, "_runtime": 1.3422017097473145, "_step": 9, "_wandb": {"runtime": 0}}