{"timesteps": 200, "ep_reward": 200, "num_updates": 0, "episodes": 200, "_timestamp": 1694696199.1868718, "_runtime": 257.27673983573914, "_step": 200, "_wandb": {"runtime": 700}}