{"episode": 499, "epsilon": 0.2861230329041488, "ep_reward": 9.0, "_timestamp": 1690696172.8355896, "_runtime": 530.3960416316986, "_step": 499, "loss": 0.5404434204101562, "q_mean": -0.09685715287923813, "num_update": 6899, "_wandb": {"runtime": 529}}