{"episode": 17, "epsilon": 0.9216589861751152, "ep_reward": -327.7774903487534, "_timestamp": 1690705836.4757583, "_runtime": 219.94090032577515, "_step": 17, "loss": 101.80841064453125, "q_mean": -1.2354767322540283, "num_update": 858, "_wandb": {"runtime": 238}}