{"episode": 19288, "epsilon": 0.1, "ep_reward": 104.0, "timesteps": 104, "ep_reward_avg": 150.324, "_timestamp": 1690372653.126894, "_runtime": 501.7996211051941, "_step": 19288}