{"timesteps": 100, "ep_reward": 100.0, "num_updates": 0, "episodes": 500, "_timestamp": 1688775242.6687877, "_runtime": 450.05828881263733, "_step": 500, "_wandb": {"runtime": 449}}