{"episode": 7395, "epsilon": 0.00013520822065981613, "ep_reward": 15.0, "timesteps": 15, "ep_reward_avg": 30.332, "_timestamp": 1690312100.0852826, "_runtime": 47.97952651977539, "_step": 7395, "_wandb": {"runtime": 46}}