{"timesteps": 15, "ep_reward": -27.466983439203386, "num_updates": 0, "episodes": 500, "_timestamp": 1688944766.8900821, "_runtime": 215.01099014282227, "_step": 500, "_wandb": {"runtime": 214}}