{"timesteps": 20, "ep_reward": -37.31962212958005, "num_updates": 0, "episodes": 500, "_timestamp": 1694699995.7492313, "_runtime": 77.91748929023743, "_step": 500, "_wandb": {"runtime": 82}}