{"episode": 1680, "epsilon": 0.10638297872340426, "ep_reward": 72.0, "_timestamp": 1690703292.165369, "_runtime": 2238.753606081009, "_step": 1680, "loss": 1.2147711515426636, "q_mean": 25.4523868560791, "num_update": 28699, "_wandb": {"runtime": 2242}}