{"episode": 499, "epsilon": 0.09107468123861566, "ep_reward": 59.0, "_timestamp": 1690651628.7373812, "_runtime": 97.73444128036499, "_step": 499, "_wandb": {"runtime": 96}}