{"episode": 9, "epsilon": 0.847457627118644, "ep_reward": 14.0, "_timestamp": 1690650911.3181682, "_runtime": 1.5795831680297852, "_step": 9}