{"episode": 167, "epsilon": 0.2304147465437788, "ep_reward": 191.0, "_timestamp": 1690653079.6135201, "_runtime": 168.01433110237122, "_step": 167, "_wandb": {"runtime": 168}}