{"episode": 20000, "epsilon": 0, "ep_reward": 163.0, "timesteps": 163, "ep_reward_avg": 153.46, "_timestamp": 1690373733.8046958, "_runtime": 585.9247529506683, "_step": 20000, "_wandb": {"runtime": 584}}