{"logstd": 0.0, "timesteps": 15, "ep_reward": 15.0, "episodes": 999, "_timestamp": 1690809849.3757308, "_runtime": 46.26859974861145, "_step": 999, "_wandb": {"runtime": 45}}