{"episode": 7230, "epsilon": 0.1, "ep_reward": 153.0, "timesteps": 153, "ep_reward_avg": 129.34, "_timestamp": 1690312761.755648, "_runtime": 122.27997398376465, "_step": 7230}