{"episode": 20000, "epsilon": 0.1, "ep_reward": 200.0, "timesteps": 200, "ep_reward_avg": 142.646, "_timestamp": 1690366695.9424243, "_runtime": 502.02191734313965, "_step": 20000, "_wandb": {"runtime": 500}}