{"episode": 9977, "epsilon": 0, "ep_reward": 116.0, "timesteps": 116, "ep_reward_avg": 145.458, "_timestamp": 1690383974.4312382, "_runtime": 249.8905792236328, "_step": 9977}