{"episode": 1, "epsilon": 0.9950248756218906, "ep_reward": 10.0, "_timestamp": 1690702406.932444, "_runtime": 1.2592639923095703, "_step": 1, "_wandb": {"runtime": 0}}