{"Episode": 499, "Episode reward": 0.0, "_timestamp": 1693253021.544123, "_runtime": 706.7228150367737, "_step": 499, "_wandb": {"runtime": 705}}