{"episode": 117, "epsilon": 0.2994011976047904, "ep_reward": 144.0, "_timestamp": 1690651497.940269, "_runtime": 21.809932947158813, "_step": 117}