{"timesteps": 21, "ep_reward": -39.36909562734495, "num_updates": 0, "episodes": 114, "_timestamp": 1688942924.3720374, "_runtime": 90.06681752204895, "_step": 114}