{"timesteps": 100, "ep_reward": 100.0, "num_updates": 0, "episodes": 432, "_timestamp": 1688937816.4250872, "_runtime": 156.60554313659668, "_step": 432, "_wandb": {"runtime": 156}}