{"timesteps": 200, "ep_reward": -314.49873649796643, "num_updates": 0, "episodes": 200, "_timestamp": 1694697332.5641022, "_runtime": 189.2396900653839, "_step": 200, "_wandb": {"runtime": 375}}