{"episode": 9, "epsilon": 0.9569377990430622, "ep_reward": 23.0, "_timestamp": 1690702747.1108847, "_runtime": 1.3706445693969727, "_step": 9, "_wandb": {"runtime": 0}}