{"timesteps": 100, "ep_reward": 100.0, "num_updates": 0, "episodes": 289, "_timestamp": 1688933809.116847, "_runtime": 75.96568298339844, "_step": 289}