{"timesteps": 100, "ep_reward": 100.0, "num_updates": 0, "episodes": 500, "_timestamp": 1693899527.504778, "_runtime": 80.45152401924133, "_step": 500}