{"logstd": -0.15224501490592957, "timesteps": 1000, "ep_reward": 1000.0, "episodes": 999, "_timestamp": 1690812658.8247728, "_runtime": 831.85591173172, "_step": 999, "_wandb": {"runtime": 830}}