{"timesteps": 31, "ep_reward": 31.0, "num_updates": 0, "episodes": 146, "_timestamp": 1688772427.9300523, "_runtime": 39.54824638366699, "_step": 146}