{"episode": 499, "epsilon": 0.09107468123861566, "ep_reward": 133.0, "_timestamp": 1690653837.9663024, "_runtime": 668.1250374317169, "_step": 499, "_wandb": {"runtime": 666}}