{"timesteps": 88, "ep_reward": 60, "num_updates": 0, "episodes": 75, "_timestamp": 1688944518.2099679, "_runtime": 77.52313590049744, "_step": 75, "_wandb": {"runtime": 77}}