{"timesteps": 1000, "ep_reward": -169.97064539494716, "_timestamp": 1692500689.1177495, "_runtime": 2.1829185485839844, "_step": 4, "_wandb": {"runtime": 45}}