{"episode": 10, "epsilon": 0.8333333333333334, "ep_reward": 13.0, "_timestamp": 1690651009.6452858, "_runtime": 1.553163766860962, "_step": 10, "_wandb": {"runtime": 189}}