{"episode": 9, "epsilon": 0.9569377990430622, "ep_reward": -165.7924992978393, "_timestamp": 1690695473.1148117, "_runtime": 1.9927196502685547, "_step": 9, "_wandb": {"runtime": 1}}