{"episode": 9, "epsilon": 0.847457627118644, "ep_reward": 43.0, "_timestamp": 1690650407.0662847, "_runtime": 1.6843256950378418, "_step": 9, "_wandb": {"runtime": 3}}