{"episode": 9, "epsilon": 0.9569377990430622, "ep_reward": 46.0, "_timestamp": 1690695474.7892866, "_runtime": 1.492741584777832, "_step": 9, "_wandb": {"runtime": 0}}