{"timesteps": 1000, "ep_reward": 1000.0, "_timestamp": 1692497853.705791, "_runtime": 977.3283560276031, "_step": 2000, "_wandb": {"runtime": 976}}