{"timesteps": 1000, "ep_reward": 3233.336643185223, "_timestamp": 1692516534.8435967, "_runtime": 15770.755572795868, "_step": 79}