{"timesteps": 1000, "ep_reward": 97.51718574454458, "_timestamp": 1692502871.2384956, "_runtime": 2107.150471687317, "_step": 14}