{"episode": 9327, "epsilon": 1.0721446108651135e-05, "ep_reward": 12.0, "timesteps": 12, "ep_reward_avg": 20.554, "_timestamp": 1690312213.9260345, "_runtime": 55.94051241874695, "_step": 9327}