{"timesteps": 10, "ep_reward": 10.0, "num_updates": 0, "episodes": 155, "_timestamp": 1694691059.272622, "_runtime": 47.67212200164795, "_step": 155, "_wandb": {"runtime": 64}}