{"Episode": 499, "Episode reward": -0.005, "_timestamp": 1693225120.9415329, "_runtime": 1509.5375299453735, "_step": 499, "_wandb": {"runtime": 1508}}