{"timesteps": 1000, "ep_reward": 1000.0, "_timestamp": 1692499985.9518328, "_runtime": 1068.821204662323, "_step": 2000, "_wandb": {"runtime": 1067}}