{"Episode": 102, "Episode reward": -0.001, "_timestamp": 1693292124.7132957, "_runtime": 306.6529235839844, "_step": 102, "_wandb": {"runtime": 306}}