{"Episode": 48, "Episode reward": 0.0, "_timestamp": 1693252015.070807, "_runtime": 70.0413990020752, "_step": 48, "_wandb": {"runtime": 70}}