{"episode": 9, "epsilon": 0.9569377990430622, "ep_reward": -75.42674215647341, "_timestamp": 1690705890.808014, "_runtime": 2.1903278827667236, "_step": 9, "_wandb": {"runtime": 17}}