{"timesteps": 100, "ep_reward": 100.0, "num_updates": 0, "episodes": 500, "_timestamp": 1688774133.287717, "_runtime": 445.6553192138672, "_step": 500, "_wandb": {"runtime": 444}}