{"episode": 15243, "epsilon": 0.006517630189663039, "ep_reward": 125.0, "timesteps": 125, "ep_reward_avg": 116.258, "_timestamp": 1690352277.5663824, "_runtime": 307.24557638168335, "_step": 15243}