{"Episode": 105, "Episode reward": -0.007, "_timestamp": 1693165203.0916529, "_runtime": 260.7787718772888, "_step": 105, "_wandb": {"runtime": 262}}