{"episode": 0, "epsilon": 1.0, "ep_reward": -72.1294508381365, "_timestamp": 1690694215.751011, "_runtime": 1.7587528228759766, "_step": 0, "_wandb": {"runtime": 0}}