{"logstd": 0.0, "timesteps": 1000, "ep_reward": 1000.0, "episodes": 999, "_timestamp": 1690812377.870746, "_runtime": 591.4621419906616, "_step": 999, "_wandb": {"runtime": 590}}