{"timesteps": 100, "ep_reward": 100.0, "num_updates": 0, "episodes": 500, "_timestamp": 1694691296.2754073, "_runtime": 213.87775421142578, "_step": 500, "_wandb": {"runtime": 993}}