{"timesteps": 200, "ep_reward": 200, "num_updates": 0, "episodes": 200, "_timestamp": 1694699657.7925544, "_runtime": 90.91307234764099, "_step": 200, "_wandb": {"runtime": 100}}