{"episode": 9, "epsilon": 0.9569377990430622, "ep_reward": -403.02829293391574, "_timestamp": 1690704004.7473402, "_runtime": 2.3138811588287354, "_step": 9, "_wandb": {"runtime": 1}}