{"timesteps": 200, "ep_reward": 200, "num_updates": 0, "episodes": 200, "_timestamp": 1688944245.1953874, "_runtime": 229.46535634994507, "_step": 200, "_wandb": {"runtime": 228}}