{"episode": 9, "epsilon": 0.9569377990430622, "ep_reward": -141.9128552330388, "_timestamp": 1690694396.6374989, "_runtime": 1.8739979267120361, "_step": 9, "_wandb": {"runtime": 1}}