{"episode": 0, "epsilon": 1.0, "ep_reward": 16.0, "_timestamp": 1690694156.3264499, "_runtime": 1.3472528457641602, "_step": 0, "_wandb": {"runtime": 0}}