{"timesteps": 200, "ep_reward": 200, "num_updates": 0, "episodes": 200, "_timestamp": 1688943412.13309, "_runtime": 227.20062804222107, "_step": 200, "_wandb": {"runtime": 224}}