{"timesteps": 1000, "ep_reward": -169.97064539494716, "_timestamp": 1692500651.1386883, "_runtime": 2.132098436355591, "_step": 4, "_wandb": {"runtime": 2}}