{"Episode": 89, "Episode reward": -0.002, "_timestamp": 1693163928.5257392, "_runtime": 218.9606671333313, "_step": 89, "_wandb": {"runtime": 219}}