{"logstd": 0.0, "timesteps": 15, "ep_reward": 15.0, "episodes": 999, "_timestamp": 1690811114.192791, "_runtime": 45.2764310836792, "_step": 999, "_wandb": {"runtime": 44}}