{"episode": 9, "epsilon": 0.9569377990430622, "ep_reward": 30.0, "_timestamp": 1690694387.045772, "_runtime": 1.5943920612335205, "_step": 9, "_wandb": {"runtime": 0}}