{"episode": 20000, "epsilon": 0.1, "ep_reward": 200.0, "timesteps": 200, "ep_reward_avg": 142.646, "_timestamp": 1690384168.7603135, "_runtime": 464.4764075279236, "_step": 20000, "_wandb": {"runtime": 463}}