{"timesteps": 19, "ep_reward": -31.91691222079681, "num_updates": 0, "episodes": 1000, "_timestamp": 1688946005.3408792, "_runtime": 290.5621831417084, "_step": 1000, "_wandb": {"runtime": 289}}