{"episode": 36, "epsilon": 0.847457627118644, "ep_reward": -284.91550824458585, "_timestamp": 1690697307.3775373, "_runtime": 628.7439212799072, "_step": 36, "loss": 1.786036729812622, "q_mean": 0.0462811179459095, "num_update": 2583, "_wandb": {"runtime": 642}}