{"logstd": 0.0, "timesteps": 15, "ep_reward": 15.0, "episodes": 999, "_timestamp": 1690811683.2040513, "_runtime": 25.183791160583496, "_step": 999, "_wandb": {"runtime": 24}}