{"episode": 10223, "epsilon": 9.781768739423463e-06, "ep_reward": 18.0, "timesteps": 18, "ep_reward_avg": 18.434, "_timestamp": 1690350503.8499322, "_runtime": 48.31705713272095, "_step": 10223}