{"Episode": 187, "Episode reward": 0.0, "_timestamp": 1693252298.345546, "_runtime": 262.3069291114807, "_step": 187, "_wandb": {"runtime": 261}}