{"episode": 20000, "epsilon": 0, "ep_reward": 10.0, "timesteps": 10, "ep_reward_avg": 9.358, "_timestamp": 1690384505.7496495, "_runtime": 63.95395851135254, "_step": 20000, "_wandb": {"runtime": 63}}