{"episode": 9, "epsilon": 0.847457627118644, "ep_reward": 30.0, "_timestamp": 1690650498.1136894, "_runtime": 1.6068065166473389, "_step": 9, "_wandb": {"runtime": 0}}