{"Episode": 111, "Episode reward": -0.008, "_timestamp": 1693164413.5551755, "_runtime": 272.2456736564636, "_step": 111, "_wandb": {"runtime": 272}}