{"Episode": 499, "Episode reward": 0.99, "_timestamp": 1693166374.8910213, "_runtime": 973.1828532218933, "_step": 499, "_wandb": {"runtime": 972}}