{"episode": 9, "epsilon": 0.9569377990430622, "ep_reward": 22.0, "_timestamp": 1690703995.3004007, "_runtime": 1.4189858436584473, "_step": 9, "_wandb": {"runtime": 0}}