{"episode": 85, "epsilon": 0.7017543859649122, "ep_reward": -79.25221877176843, "_timestamp": 1690703176.3114762, "_runtime": 2110.361341238022, "_step": 85, "loss": 2.2072525024414062, "q_mean": 4.397146224975586, "num_update": 8183, "_wandb": {"runtime": 2232}}