{"Episode": 123, "Episode reward": -0.003, "_timestamp": 1693164854.6365137, "_runtime": 301.1865117549896, "_step": 123, "_wandb": {"runtime": 301}}