{"logstd": 0.0, "timesteps": 7, "ep_reward": 7.0, "episodes": 687, "_timestamp": 1690812254.204651, "_runtime": 32.13001203536987, "_step": 687, "_wandb": {"runtime": 31}}