{"timesteps": 100, "ep_reward": 100.0, "num_updates": 0, "episodes": 500, "_timestamp": 1688938292.1302319, "_runtime": 193.92096495628357, "_step": 500, "_wandb": {"runtime": 193}}