{"timesteps": 19, "ep_reward": -27.6506927906591, "num_updates": 0, "episodes": 500, "_timestamp": 1694701832.9492712, "_runtime": 321.93590331077576, "_step": 1202, "_wandb": {"runtime": 326}}