{"episode": 2418, "epsilon": 0.1, "ep_reward": 21.0, "timesteps": 21, "ep_reward_avg": 22.02, "_timestamp": 1690306747.8808482, "_runtime": 10.266380071640015, "_step": 2418}