{"logstd": 0.0, "timesteps": 15, "ep_reward": 15.0, "episodes": 999, "_timestamp": 1690810100.7814686, "_runtime": 47.7625846862793, "_step": 999, "_wandb": {"runtime": 46}}