{"episode": 0, "epsilon": 1.0, "ep_reward": -122.18707927492616, "_timestamp": 1690696473.443024, "_runtime": 1.6134870052337646, "_step": 0, "_wandb": {"runtime": 0}}