{"episode": 38, "epsilon": 0.8403361344537815, "ep_reward": -224.92138824642308, "_timestamp": 1690696200.999419, "_runtime": 558.5712890625, "_step": 38, "loss": 3.4484505653381348, "q_mean": 0.042777832597494125, "num_update": 2454, "_wandb": {"runtime": 559}}