{"episode": 20000, "epsilon": 0, "ep_reward": 163.0, "timesteps": 163, "ep_reward_avg": 153.46, "_timestamp": 1690384581.3900332, "_runtime": 577.3141841888428, "_step": 20000, "_wandb": {"runtime": 576}}