{"Step": 166, "Reward": 6.0, "Episode Reward": 952.0, "_timestamp": 1693167190.2948868, "_runtime": 9067.49593091011, "_step": 165, "_wandb": {"runtime": 9068}}