{"timesteps": 100, "ep_reward": 100.0, "num_updates": 0, "episodes": 500, "_timestamp": 1694683957.3379066, "_runtime": 214.33228969573975, "_step": 500, "_wandb": {"runtime": 881}}