{"Episode": 103, "Episode reward": -0.006, "_timestamp": 1693292564.2006228, "_runtime": 311.9329557418823, "_step": 103, "_wandb": {"runtime": 311}}