{"episode": 499, "epsilon": 0.2861230329041488, "ep_reward": 63.06597289715304, "_timestamp": 1690731245.3504045, "_runtime": 25308.12494945526, "_step": 499, "loss": 2.65405011177063, "q_mean": 27.03767967224121, "num_update": 240616, "_wandb": {"runtime": 25307}}