{"logstd": 0.0, "timesteps": 1000, "ep_reward": 1000.0, "episodes": 999, "_timestamp": 1690812413.1054149, "_runtime": 727.259566783905, "_step": 999, "_wandb": {"runtime": 726}}