{"Episode": 39, "Episode reward": -0.001, "_timestamp": 1693291788.0355418, "_runtime": 115.92248368263245, "_step": 39, "_wandb": {"runtime": 116}}