{"logstd": 0.0, "timesteps": 15, "ep_reward": 15.0, "episodes": 999, "_timestamp": 1690811560.004011, "_runtime": 25.27747082710266, "_step": 999, "_wandb": {"runtime": 24}}