{"timesteps": 200, "ep_reward": 197, "num_updates": 0, "episodes": 200, "_timestamp": 1694699819.7720113, "_runtime": 87.26385617256165, "_step": 200, "_wandb": {"runtime": 178}}