{"Episode": 40, "Episode reward": -0.002, "_timestamp": 1693291651.5595794, "_runtime": 115.26033544540405, "_step": 40, "_wandb": {"runtime": 114}}