{"episode": 20000, "epsilon": 0.00024993751562109475, "ep_reward": 13.0, "timesteps": 13, "ep_reward_avg": 19.108, "_timestamp": 1690351256.391542, "_runtime": 87.47600793838501, "_step": 20000, "_wandb": {"runtime": 86}}