{"episode": 9, "epsilon": 0.9569377990430622, "ep_reward": 16.0, "_timestamp": 1690703566.950876, "_runtime": 1.3485970497131348, "_step": 9, "_wandb": {"runtime": 81}}