{"timesteps": 38, "ep_reward": 38.0, "num_updates": 0, "episodes": 200, "_timestamp": 1688774731.5651512, "_runtime": 70.31657409667969, "_step": 200}