{"Episode": 92, "Episode reward": 0.0, "_timestamp": 1693292892.0107126, "_runtime": 278.0923945903778, "_step": 92, "_wandb": {"runtime": 278}}