{"timesteps": 100, "ep_reward": 100.0, "num_updates": 0, "episodes": 500, "_timestamp": 1693899040.4649107, "_runtime": 80.86284971237183, "_step": 500, "_wandb": {"runtime": 80}}