{"logstd": 0.0, "timesteps": 4, "ep_reward": 4.0, "episodes": 999, "_timestamp": 1690811508.3306355, "_runtime": 7.2501654624938965, "_step": 999, "_wandb": {"runtime": 6}}