{"timesteps": 100, "ep_reward": 100.0, "num_updates": 0, "episodes": 500, "_timestamp": 1688934056.6756175, "_runtime": 192.17614841461182, "_step": 500, "_wandb": {"runtime": 191}}